{
    "backend_name": "fake_sherbrooke",
    "qubits": 3,
    "results_per_percent": [
        [
            0.1,
            [
                [
                    0.00996,
                    0.01016,
                    0.01004,
                    0.01004,
                    0.00986,
                    0.0102,
                    0.0099,
                    0.01004,
                    0.01008,
                    0.00996
                ],
                [
                    0.0098,
                    0.01006,
                    0.01006,
                    0.00972,
                    0.0102,
                    0.01,
                    0.00994,
                    0.00786,
                    0.00996,
                    0.00988
                ],
                [
                    0.00872,
                    0.00974,
                    0.00952,
                    0.00964,
                    0.00976,
                    0.00968,
                    0.0096,
                    0.00966,
                    0.00982,
                    0.00966
                ],
                [
                    0.00942,
                    0.00972,
                    0.00914,
                    0.0095,
                    0.00944,
                    0.00904,
                    0.0092,
                    0.00932,
                    0.00928,
                    0.00922
                ],
                [
                    0.00856,
                    0.009,
                    0.00908,
                    0.00786,
                    0.00766,
                    0.00856,
                    0.00858,
                    0.00866,
                    0.00842,
                    0.00902
                ]
            ],
            [
                1,
                4,
                17,
                36,
                100
            ],
            0.009884478008484176,
            0.9985117120103609,
            0.0014650334898009595,
            [
                0.010024,
                0.009748,
                0.00958,
                0.009328,
                0.00854
            ]
        ],
        [
            0.5,
            [
                [
                    0.00926,
                    0.00958,
                    0.0099,
                    0.00988,
                    0.00968,
                    0.00996,
                    0.00956,
                    0.00984,
                    0.00998,
                    0.0097
                ],
                [
                    0.00918,
                    0.00922,
                    0.00968,
                    0.00948,
                    0.00938,
                    0.00916,
                    0.0089,
                    0.0095,
                    0.00936,
                    0.0092
                ],
                [
                    0.00788,
                    0.0063,
                    0.00752,
                    0.00706,
                    0.00718,
                    0.00664,
                    0.00682,
                    0.0075,
                    0.0079,
                    0.00704
                ],
                [
                    0.0049,
                    0.00382,
                    0.00628,
                    0.00424,
                    0.0044,
                    0.00402,
                    0.00532,
                    0.00502,
                    0.00514,
                    0.00538
                ],
                [
                    0.00158,
                    0.00178,
                    0.00164,
                    0.00108,
                    0.00108,
                    0.00136,
                    0.00206,
                    0.0013,
                    0.00174,
                    0.00182
                ]
            ],
            [
                1,
                4,
                17,
                36,
                100
            ],
            0.009855629130475621,
            0.9815128593748761,
            0.01819827905285635,
            [
                0.009734,
                0.009306,
                0.007184,
                0.004852,
                0.001544
            ]
        ],
        [
            1,
            [
                [
                    0.00976,
                    0.00974,
                    0.0095,
                    0.0094,
                    0.00946,
                    0.00948,
                    0.00956,
                    0.00924,
                    0.00976,
                    0.00946
                ],
                [
                    0.00874,
                    0.00882,
                    0.00862,
                    0.00888,
                    0.00894,
                    0.00858,
                    0.0082,
                    0.0084,
                    0.00896,
                    0.009
                ],
                [
                    0.00528,
                    0.0053,
                    0.00518,
                    0.00584,
                    0.00628,
                    0.00422,
                    0.00544,
                    0.00538,
                    0.00616,
                    0.00488
                ],
                [
                    0.002,
                    0.0024,
                    0.00228,
                    0.0022,
                    0.00328,
                    0.00264,
                    0.00266,
                    0.00226,
                    0.00228,
                    0.0024
                ],
                [
                    -0.00032,
                    0.00038,
                    -0.00022,
                    0.00028,
                    -0.00042,
                    0.00098,
                    0.0006,
                    -0.00038,
                    0.00022,
                    -0.00016
                ]
            ],
            [
                1,
                4,
                17,
                36,
                100
            ],
            0.010144180026327523,
            0.9616190650511258,
            0.037781232840298024,
            [
                0.009536,
                0.008714,
                0.005396,
                0.00244,
                9.599999999999999e-05
            ]
        ]
    ]
}