{
    "backend_name": "fake_sherbrooke",
    "qubits": 3,
    "results_per_percent": [
        [
            0.1,
            [
                [
                    0.01002
                ],
                [
                    0.00984
                ],
                [
                    0.00948
                ]
            ],
            [
                4,
                17,
                36
            ],
            0.010107609871053181,
            0.9982534103085308,
            0.001719299227540029,
            [
                0.01002,
                0.00984,
                0.00948
            ]
        ],
        [
            1,
            [
                [
                    0.0078
                ],
                [
                    0.00548
                ],
                [
                    0.00304
                ]
            ],
            [
                4,
                17,
                36
            ],
            0.008881914212761358,
            0.9708718579992069,
            0.028673014782030666,
            [
                0.0078,
                0.00548,
                0.00304
            ]
        ]
    ]
}