{
    "backend_name": "fake_toronto",
    "qubits": 10,
    "results_per_percent": [
        [
            0.1,
            [
                [
                    0.00744,
                    0.00698,
                    0.00598,
                    0.00692,
                    0.00432,
                    0.00672,
                    0.00552,
                    0.00428,
                    0.00624,
                    0.00528,
                    0.00638,
                    0.00546,
                    0.00392,
                    0.00722,
                    0.00426,
                    0.0051,
                    0.0042,
                    0.00638,
                    0.00468,
                    0.00642,
                    0.0032,
                    0.00504,
                    0.00906,
                    0.0093,
                    0.00434,
                    0.00436,
                    0.00194,
                    0.00708,
                    0.00854,
                    0.00608,
                    0.00698,
                    0.0053,
                    0.00702,
                    0.00746,
                    0.00504,
                    0.00554,
                    0.00426,
                    0.00424,
                    0.00424,
                    0.0064,
                    0.00576,
                    0.00556,
                    0.0075,
                    0.00704,
                    0.0052,
                    0.00476,
                    0.00794,
                    0.00642,
                    0.005,
                    0.00532
                ],
                [
                    0.00148,
                    0.00196,
                    0.00212,
                    0.0013,
                    0.00138,
                    0.00516,
                    0.00476,
                    0.00582,
                    0.00084,
                    0.00364,
                    0.00016,
                    0.00216,
                    0.00564,
                    0.0007,
                    0.00128,
                    0.00206,
                    0.00112,
                    0.00104,
                    0.00434,
                    0.0029,
                    0.00162,
                    0.0014,
                    0.0086,
                    0.00144,
                    0.00098,
                    0.00416,
                    0.00376,
                    0.00124,
                    -6e-05,
                    0.00716,
                    0.00346,
                    -0.0002,
                    0.0026,
                    0.00144,
                    0.0012,
                    0.001,
                    0.00456,
                    0.00164,
                    0.00154,
                    0.00064,
                    0.00042,
                    0.00464,
                    0.00166,
                    0.00204,
                    0.00318,
                    0.00146,
                    0.00078,
                    0.00112,
                    0.00632,
                    0.00604
                ],
                [
                    0.00034,
                    0.00032,
                    -4e-05,
                    0.00266,
                    0.00018,
                    0.00056,
                    -8e-05,
                    -0.00016,
                    0.00098,
                    0.00098,
                    0.00014,
                    6e-05,
                    0.00044,
                    8e-05,
                    0.00028,
                    -0.00018,
                    -0.00018,
                    0.00022,
                    0.00042,
                    0.0,
                    -0.00012,
                    0.00062,
                    4e-05,
                    6e-05,
                    0.00256,
                    0.00062,
                    0.00044,
                    0.00014,
                    -2e-05,
                    0.0004,
                    0.0006,
                    -6e-05,
                    0.00034,
                    0.0005,
                    0.0,
                    0.0004,
                    0.00012,
                    8e-05,
                    -0.00014,
                    0.0007,
                    -2e-05,
                    0.00012,
                    0.00114,
                    0.00084,
                    0.00164,
                    -0.00036,
                    0.00016,
                    -0.00012,
                    0.00042,
                    2e-05
                ],
                [
                    -0.00056,
                    -8e-05,
                    -8e-05,
                    0.00022,
                    6e-05,
                    0.00028,
                    0.00032,
                    -0.00052,
                    -4e-05,
                    -0.00024,
                    8e-05,
                    0.0,
                    0.00066,
                    -0.00018,
                    0.00028,
                    0.00032,
                    -0.0002,
                    -0.00026,
                    0.00012,
                    -2e-05,
                    0.0,
                    -0.00014,
                    0.0,
                    -0.0006,
                    0.00014,
                    -0.00022,
                    -0.00016,
                    0.0001,
                    -0.0003,
                    -0.0002,
                    -0.0004,
                    0.00018,
                    -0.00032,
                    0.00014,
                    0.0,
                    -0.00062,
                    0.00032,
                    0.00018,
                    -0.0003,
                    0.00018,
                    -0.0003,
                    0.0,
                    0.00072,
                    0.00016,
                    0.00018,
                    0.00076,
                    -0.00068,
                    -8e-05,
                    0.00058,
                    6e-05
                ]
            ],
            [
                1,
                2,
                4,
                6
            ],
            0.015247812481478875,
            0.39462192423969833,
            0.6053774984267791,
            [
                0.0057924,
                0.002514,
                0.0003628,
                -9.199999999999995e-06
            ]
        ],
        [
            0.3,
            [
                [
                    0.00184,
                    0.00088,
                    0.00078,
                    0.0007,
                    0.0016,
                    0.0002,
                    0.0006,
                    0.0002,
                    0.00284,
                    0.00264,
                    0.00072,
                    0.0001,
                    0.00074,
                    0.00042,
                    -4e-05,
                    0.00018,
                    0.00066,
                    0.00192,
                    0.00392,
                    0.00136,
                    0.00024,
                    0.0,
                    0.0007,
                    0.00026,
                    0.00076,
                    0.00024,
                    0.00124,
                    -0.00056,
                    0.00382,
                    0.0,
                    0.00058,
                    0.0004,
                    0.00246,
                    0.00064,
                    0.00086,
                    0.00586,
                    0.0022,
                    0.00082,
                    0.00022,
                    0.00062,
                    0.00032,
                    0.00016,
                    0.00068,
                    0.00118,
                    0.00078,
                    0.0001,
                    0.00104,
                    0.00026,
                    0.00042,
                    0.0014
                ],
                [
                    -0.00028,
                    0.00022,
                    0.0007,
